Id,Sold Fast
1461,SoldSlow
1462,SoldSlow
1463,SoldSlow
1464,SoldSlow
1465,SoldSlow
1466,SoldSlow
1467,SoldSlow
1468,SoldSlow
1469,SoldSlow
1470,SoldSlow
1471,SoldSlow
1472,SoldSlow
1473,SoldSlow
1474,SoldSlow
1475,SoldSlow
1476,SoldSlow
1477,SoldSlow
1478,SoldSlow
1479,SoldSlow
1480,SoldSlow
1481,SoldSlow
1482,SoldSlow
1483,SoldSlow
1484,SoldSlow
1485,SoldSlow
1486,SoldSlow
1487,SoldSlow
1488,SoldSlow
1489,SoldSlow
1490,SoldSlow
1491,SoldSlow
1492,SoldSlow
1493,SoldSlow
1494,SoldSlow
1495,SoldSlow
1496,SoldSlow
1497,SoldSlow
1498,SoldSlow
1499,SoldSlow
1500,SoldSlow
1501,SoldSlow
1502,SoldSlow
1503,SoldSlow
1504,SoldSlow
1505,SoldSlow
1506,SoldSlow
1507,SoldSlow
1508,SoldSlow
1509,SoldSlow
1510,SoldSlow
1511,SoldSlow
1512,SoldSlow
1513,SoldSlow
1514,SoldSlow
1515,SoldSlow
1516,SoldSlow
1517,SoldSlow
1518,SoldSlow
1519,SoldSlow
1520,SoldSlow
1521,SoldSlow
1522,SoldSlow
1523,SoldSlow
1524,SoldSlow
1525,SoldSlow
1526,SoldSlow
1527,SoldSlow
1528,SoldSlow
1529,SoldSlow
1530,SoldSlow
1531,SoldSlow
1532,SoldSlow
1533,SoldSlow
1534,SoldSlow
1535,SoldSlow
1536,SoldSlow
1537,SoldSlow
1538,SoldSlow
1539,SoldSlow
1540,SoldSlow
1541,SoldSlow
1542,SoldSlow
1543,SoldSlow
1544,SoldSlow
1545,SoldSlow
1546,SoldSlow
1547,SoldSlow
1548,SoldSlow
1549,SoldSlow
1550,SoldSlow
1551,SoldSlow
1552,SoldSlow
1553,SoldSlow
1554,SoldSlow
1555,SoldSlow
1556,SoldSlow
1557,SoldSlow
1558,SoldSlow
1559,SoldSlow
1560,SoldSlow
1561,SoldSlow
1562,SoldSlow
1563,SoldSlow
1564,SoldSlow
1565,SoldSlow
1566,SoldSlow
1567,SoldSlow
1568,SoldSlow
1569,SoldSlow
1570,SoldSlow
1571,SoldSlow
1572,SoldSlow
1573,SoldSlow
1574,SoldSlow
1575,SoldSlow
1576,SoldSlow
1577,SoldSlow
1578,SoldSlow
1579,SoldSlow
1580,SoldSlow
1581,SoldSlow
1582,SoldSlow
1583,SoldSlow
1584,SoldSlow
1585,SoldSlow
1586,SoldSlow
1587,SoldSlow
1588,SoldSlow
1589,SoldSlow
1590,SoldSlow
1591,SoldSlow
1592,SoldSlow
1593,SoldSlow
1594,SoldSlow
1595,SoldSlow
1596,SoldSlow
1597,SoldSlow
1598,SoldSlow
1599,SoldSlow
1600,SoldSlow
1601,SoldSlow
1602,SoldSlow
1603,SoldSlow
1604,SoldSlow
1605,SoldSlow
1606,SoldSlow
1607,SoldSlow
1608,SoldSlow
1609,SoldSlow
1610,SoldSlow
1611,SoldSlow
1612,SoldSlow
1613,SoldSlow
1614,SoldSlow
1615,SoldSlow
1616,SoldSlow
1617,SoldSlow
1618,SoldSlow
1619,SoldSlow
1620,SoldSlow
1621,SoldSlow
1622,SoldSlow
1623,SoldSlow
1624,SoldSlow
1625,SoldSlow
1626,SoldSlow
1627,SoldSlow
1628,SoldSlow
1629,SoldSlow
1630,SoldSlow
1631,SoldSlow
1632,SoldSlow
1633,SoldSlow
1634,SoldSlow
1635,SoldSlow
1636,SoldSlow
1637,SoldSlow
1638,SoldSlow
1639,SoldSlow
1640,SoldSlow
1641,SoldSlow
1642,SoldSlow
1643,SoldSlow
1644,SoldSlow
1645,SoldSlow
1646,SoldSlow
1647,SoldSlow
1648,SoldSlow
1649,SoldSlow
1650,SoldSlow
1651,SoldSlow
1652,SoldSlow
1653,SoldSlow
1654,SoldSlow
1655,SoldSlow
1656,SoldSlow
1657,SoldSlow
1658,SoldSlow
1659,SoldSlow
1660,SoldSlow
1661,SoldSlow
1662,SoldSlow
1663,SoldSlow
1664,SoldSlow
1665,SoldSlow
1666,SoldSlow
1667,SoldSlow
1668,SoldSlow
1669,SoldSlow
1670,SoldSlow
1671,SoldSlow
1672,SoldSlow
1673,SoldSlow
1674,SoldSlow
1675,SoldSlow
1676,SoldSlow
1677,SoldSlow
1678,SoldSlow
1679,SoldSlow
1680,SoldSlow
1681,SoldSlow
1682,SoldSlow
1683,SoldSlow
1684,SoldSlow
1685,SoldSlow
1686,SoldSlow
1687,SoldSlow
1688,SoldSlow
1689,SoldSlow
1690,SoldSlow
1691,SoldSlow
1692,SoldSlow
1693,SoldSlow
1694,SoldSlow
1695,SoldSlow
1696,SoldSlow
1697,SoldSlow
1698,SoldSlow
1699,SoldSlow
1700,SoldSlow
1701,SoldSlow
1702,SoldSlow
1703,SoldSlow
1704,SoldSlow
1705,SoldSlow
1706,SoldSlow
1707,SoldSlow
1708,SoldSlow
1709,SoldSlow
1710,SoldSlow
1711,SoldSlow
1712,SoldSlow
1713,SoldSlow
1714,SoldSlow
1715,SoldSlow
1716,SoldSlow
1717,SoldSlow
1718,SoldSlow
1719,SoldSlow
1720,SoldSlow
1721,SoldSlow
1722,SoldSlow
1723,SoldSlow
1724,SoldSlow
1725,SoldSlow
1726,SoldSlow
1727,SoldSlow
1728,SoldSlow
1729,SoldSlow
1730,SoldSlow
1731,SoldSlow
1732,SoldSlow
1733,SoldSlow
1734,SoldSlow
1735,SoldSlow
1736,SoldSlow
1737,SoldSlow
1738,SoldSlow
1739,SoldSlow
1740,SoldSlow
1741,SoldSlow
1742,SoldSlow
1743,SoldSlow
1744,SoldSlow
1745,SoldSlow
1746,SoldSlow
1747,SoldSlow
1748,SoldSlow
1749,SoldSlow
1750,SoldSlow
1751,SoldSlow
1752,SoldSlow
1753,SoldSlow
1754,SoldSlow
1755,SoldSlow
1756,SoldSlow
1757,SoldSlow
1758,SoldSlow
1759,SoldSlow
1760,SoldSlow
1761,SoldSlow
1762,SoldSlow
1763,SoldSlow
1764,SoldSlow
1765,SoldSlow
1766,SoldSlow
1767,SoldSlow
1768,SoldSlow
1769,SoldSlow
1770,SoldSlow
1771,SoldSlow
1772,SoldSlow
1773,SoldSlow
1774,SoldSlow
1775,SoldSlow
1776,SoldSlow
1777,SoldSlow
1778,SoldSlow
1779,SoldSlow
1780,SoldSlow
1781,SoldSlow
1782,SoldSlow
1783,SoldSlow
1784,SoldSlow
1785,SoldSlow
1786,SoldSlow
1787,SoldSlow
1788,SoldSlow
1789,SoldSlow
1790,SoldSlow
1791,SoldSlow
1792,SoldSlow
1793,SoldSlow
1794,SoldSlow
1795,SoldSlow
1796,SoldSlow
1797,SoldSlow
1798,SoldSlow
1799,SoldSlow
1800,SoldSlow
1801,SoldSlow
1802,SoldSlow
1803,SoldSlow
1804,SoldSlow
1805,SoldSlow
1806,SoldSlow
1807,SoldSlow
1808,SoldSlow
1809,SoldSlow
1810,SoldSlow
1811,SoldSlow
1812,SoldSlow
1813,SoldSlow
1814,SoldSlow
1815,SoldSlow
1816,SoldSlow
1817,SoldSlow
1818,SoldSlow
1819,SoldSlow
1820,SoldSlow
1821,SoldSlow
1822,SoldSlow
1823,SoldSlow
1824,SoldSlow
1825,SoldSlow
1826,SoldSlow
1827,SoldSlow
1828,SoldSlow
1829,SoldSlow
1830,SoldSlow
1831,SoldSlow
1832,SoldSlow
1833,SoldSlow
1834,SoldSlow
1835,SoldSlow
1836,SoldSlow
1837,SoldSlow
1838,SoldSlow
1839,SoldSlow
1840,SoldSlow
1841,SoldSlow
1842,SoldSlow
1843,SoldSlow
1844,SoldSlow
1845,SoldSlow
1846,SoldSlow
1847,SoldSlow
1848,SoldSlow
1849,SoldSlow
1850,SoldSlow
1851,SoldSlow
1852,SoldSlow
1853,SoldSlow
1854,SoldSlow
1855,SoldSlow
1856,SoldSlow
1857,SoldSlow
1858,SoldSlow
1859,SoldSlow
1860,SoldSlow
1861,SoldSlow
1862,SoldSlow
1863,SoldSlow
1864,SoldSlow
1865,SoldSlow
1866,SoldSlow
1867,SoldSlow
1868,SoldSlow
1869,SoldSlow
1870,SoldSlow
1871,SoldSlow
1872,SoldSlow
1873,SoldSlow
1874,SoldSlow
1875,SoldSlow
1876,SoldSlow
1877,SoldSlow
1878,SoldSlow
1879,SoldSlow
1880,SoldSlow
1881,SoldSlow
1882,SoldSlow
1883,SoldSlow
1884,SoldSlow
1885,SoldSlow
1886,SoldSlow
1887,SoldSlow
1888,SoldSlow
1889,SoldSlow
1890,SoldSlow
1891,SoldSlow
1892,SoldSlow
1893,SoldSlow
1894,SoldSlow
1895,SoldSlow
1896,SoldSlow
1897,SoldSlow
1898,SoldSlow
1899,SoldSlow
1900,SoldSlow
1901,SoldSlow
1902,SoldSlow
1903,SoldSlow
1904,SoldSlow
1905,SoldSlow
1906,SoldSlow
1907,SoldSlow
1908,SoldSlow
1909,SoldSlow
1910,SoldSlow
1911,SoldSlow
1912,SoldSlow
1913,SoldSlow
1914,SoldSlow
1915,SoldSlow
1916,SoldSlow
1917,SoldSlow
1918,SoldSlow
1919,SoldSlow
1920,SoldSlow
1921,SoldSlow
1922,SoldSlow
1923,SoldSlow
1924,SoldSlow
1925,SoldSlow
1926,SoldSlow
1927,SoldSlow
1928,SoldSlow
1929,SoldSlow
1930,SoldSlow
1931,SoldSlow
1932,SoldSlow
1933,SoldSlow
1934,SoldSlow
1935,SoldSlow
1936,SoldSlow
1937,SoldSlow
1938,SoldSlow
1939,SoldSlow
1940,SoldSlow
1941,SoldSlow
1942,SoldSlow
1943,SoldSlow
1944,SoldSlow
1945,SoldSlow
1946,SoldSlow
1947,SoldSlow
1948,SoldSlow
1949,SoldSlow
1950,SoldSlow
1951,SoldSlow
1952,SoldSlow
1953,SoldSlow
1954,SoldSlow
1955,SoldSlow
1956,SoldSlow
1957,SoldSlow
1958,SoldSlow
1959,SoldSlow
1960,SoldSlow
1961,SoldSlow
1962,SoldSlow
1963,SoldSlow
1964,SoldSlow
1965,SoldSlow
1966,SoldSlow
1967,SoldSlow
1968,SoldSlow
1969,SoldSlow
1970,SoldSlow
1971,SoldSlow
1972,SoldSlow
1973,SoldSlow
1974,SoldSlow
1975,SoldSlow
1976,SoldSlow
1977,SoldSlow
1978,SoldSlow
1979,SoldSlow
1980,SoldSlow
1981,SoldSlow
1982,SoldSlow
1983,SoldSlow
1984,SoldSlow
1985,SoldSlow
1986,SoldSlow
1987,SoldSlow
1988,SoldSlow
1989,SoldSlow
1990,SoldSlow
1991,SoldSlow
1992,SoldSlow
1993,SoldSlow
1994,SoldSlow
1995,SoldSlow
1996,SoldSlow
1997,SoldSlow
1998,SoldSlow
1999,SoldSlow
2000,SoldSlow
2001,SoldSlow
2002,SoldSlow
2003,SoldSlow
2004,SoldSlow
2005,SoldSlow
2006,SoldSlow
2007,SoldSlow
2008,SoldSlow
2009,SoldSlow
2010,SoldSlow
2011,SoldSlow
2012,SoldSlow
2013,SoldSlow
2014,SoldSlow
2015,SoldSlow
2016,SoldSlow
2017,SoldSlow
2018,SoldSlow
2019,SoldSlow
2020,SoldSlow
2021,SoldSlow
2022,SoldSlow
2023,SoldSlow
2024,SoldSlow
2025,SoldSlow
2026,SoldSlow
2027,SoldSlow
2028,SoldSlow
2029,SoldSlow
2030,SoldSlow
2031,SoldSlow
2032,SoldSlow
2033,SoldSlow
2034,SoldSlow
2035,SoldSlow
2036,SoldSlow
2037,SoldSlow
2038,SoldSlow
2039,SoldSlow
2040,SoldSlow
2041,SoldSlow
2042,SoldSlow
2043,SoldSlow
2044,SoldSlow
2045,SoldSlow
2046,SoldSlow
2047,SoldSlow
2048,SoldSlow
2049,SoldSlow
2050,SoldSlow
2051,SoldSlow
2052,SoldSlow
2053,SoldSlow
2054,SoldSlow
2055,SoldSlow
2056,SoldSlow
2057,SoldSlow
2058,SoldSlow
2059,SoldSlow
2060,SoldSlow
2061,SoldSlow
2062,SoldSlow
2063,SoldSlow
2064,SoldSlow
2065,SoldSlow
2066,SoldSlow
2067,SoldSlow
2068,SoldSlow
2069,SoldSlow
2070,SoldSlow
2071,SoldSlow
2072,SoldSlow
2073,SoldSlow
2074,SoldSlow
2075,SoldSlow
2076,SoldSlow
2077,SoldSlow
2078,SoldSlow
2079,SoldSlow
2080,SoldSlow
2081,SoldSlow
2082,SoldSlow
2083,SoldSlow
2084,SoldSlow
2085,SoldSlow
2086,SoldSlow
2087,SoldSlow
2088,SoldSlow
2089,SoldSlow
2090,SoldSlow
2091,SoldSlow
2092,SoldSlow
2093,SoldSlow
2094,SoldSlow
2095,SoldSlow
2096,SoldSlow
2097,SoldSlow
2098,SoldSlow
2099,SoldSlow
2100,SoldSlow
2101,SoldSlow
2102,SoldSlow
2103,SoldSlow
2104,SoldSlow
2105,SoldSlow
2106,SoldSlow
2107,SoldSlow
2108,SoldSlow
2109,SoldSlow
2110,SoldSlow
2111,SoldSlow
2112,SoldSlow
2113,SoldSlow
2114,SoldSlow
2115,SoldSlow
2116,SoldSlow
2117,SoldSlow
2118,SoldSlow
2119,SoldSlow
2120,SoldSlow
2121,SoldSlow
2122,SoldSlow
2123,SoldSlow
2124,SoldSlow
2125,SoldSlow
2126,SoldSlow
2127,SoldSlow
2128,SoldSlow
2129,SoldSlow
2130,SoldSlow
2131,SoldSlow
2132,SoldSlow
2133,SoldSlow
2134,SoldSlow
2135,SoldSlow
2136,SoldSlow
2137,SoldSlow
2138,SoldSlow
2139,SoldSlow
2140,SoldSlow
2141,SoldSlow
2142,SoldSlow
2143,SoldSlow
2144,SoldSlow
2145,SoldSlow
2146,SoldSlow
2147,SoldSlow
2148,SoldSlow
2149,SoldSlow
2150,SoldSlow
2151,SoldSlow
2152,SoldSlow
2153,SoldSlow
2154,SoldSlow
2155,SoldSlow
2156,SoldSlow
2157,SoldSlow
2158,SoldSlow
2159,SoldSlow
2160,SoldSlow
2161,SoldSlow
2162,SoldSlow
2163,SoldSlow
2164,SoldSlow
2165,SoldSlow
2166,SoldSlow
2167,SoldSlow
2168,SoldSlow
2169,SoldSlow
2170,SoldSlow
2171,SoldSlow
2172,SoldSlow
2173,SoldSlow
2174,SoldSlow
2175,SoldSlow
2176,SoldSlow
2177,SoldSlow
2178,SoldSlow
2179,SoldSlow
2180,SoldSlow
2181,SoldSlow
2182,SoldSlow
2183,SoldSlow
2184,SoldSlow
2185,SoldSlow
2186,SoldSlow
2187,SoldSlow
2188,SoldSlow
2189,SoldSlow
2190,SoldSlow
2191,SoldSlow
2192,SoldSlow
2193,SoldSlow
2194,SoldSlow
2195,SoldSlow
2196,SoldSlow
2197,SoldSlow
2198,SoldSlow
2199,SoldSlow
2200,SoldSlow
2201,SoldSlow
2202,SoldSlow
2203,SoldSlow
2204,SoldSlow
2205,SoldSlow
2206,SoldSlow
2207,SoldSlow
2208,SoldSlow
2209,SoldSlow
2210,SoldSlow
2211,SoldSlow
2212,SoldSlow
2213,SoldSlow
2214,SoldSlow
2215,SoldSlow
2216,SoldSlow
2217,SoldSlow
2218,SoldSlow
2219,SoldSlow
2220,SoldSlow
2221,SoldSlow
2222,SoldSlow
2223,SoldSlow
2224,SoldSlow
2225,SoldSlow
2226,SoldSlow
2227,SoldSlow
2228,SoldSlow
2229,SoldSlow
2230,SoldSlow
2231,SoldSlow
2232,SoldSlow
2233,SoldSlow
2234,SoldSlow
2235,SoldSlow
2236,SoldSlow
2237,SoldSlow
2238,SoldSlow
2239,SoldSlow
2240,SoldSlow
2241,SoldSlow
2242,SoldSlow
2243,SoldSlow
2244,SoldSlow
2245,SoldSlow
2246,SoldSlow
2247,SoldSlow
2248,SoldSlow
2249,SoldSlow
2250,SoldSlow
2251,SoldSlow
2252,SoldSlow
2253,SoldSlow
2254,SoldSlow
2255,SoldSlow
2256,SoldSlow
2257,SoldSlow
2258,SoldSlow
2259,SoldSlow
2260,SoldSlow
2261,SoldSlow
2262,SoldSlow
2263,SoldSlow
2264,SoldSlow
2265,NotSold
2266,NotSold
2267,NotSold
2268,NotSold
2269,NotSold
2270,NotSold
2271,SoldFast
2272,SoldFast
2273,SoldFast
2274,SoldFast
2275,SoldFast
2276,SoldFast
2277,SoldFast
2278,SoldFast
2279,SoldFast
2280,SoldFast
2281,SoldFast
2282,SoldFast
2283,SoldFast
2284,SoldFast
2285,SoldFast
2286,SoldFast
2287,SoldFast
2288,SoldFast
2289,SoldFast
2290,SoldFast
2291,SoldFast
2292,SoldFast
2293,SoldFast
2294,SoldFast
2295,SoldFast
2296,SoldFast
2297,SoldFast
2298,SoldFast
2299,SoldFast
2300,SoldFast
2301,SoldFast
2302,SoldFast
2303,SoldFast
2304,SoldFast
2305,SoldFast
2306,SoldFast
2307,SoldFast
2308,SoldFast
2309,SoldFast
2310,SoldFast
2311,SoldFast
2312,SoldFast
2313,SoldFast
2314,SoldFast
2315,SoldFast
2316,SoldFast
2317,SoldFast
2318,SoldFast
2319,SoldFast
2320,SoldFast
2321,SoldFast
2322,SoldFast
2323,SoldFast
2324,SoldFast
2325,SoldFast
2326,SoldFast
2327,SoldFast
2328,SoldFast
2329,SoldFast
2330,SoldFast
2331,SoldFast
2332,SoldFast
2333,SoldFast
2334,SoldFast
2335,SoldFast
2336,SoldFast
2337,SoldFast
2338,SoldFast
2339,SoldFast
2340,SoldFast
2341,SoldFast
2342,SoldFast
2343,SoldFast
2344,SoldFast
2345,SoldFast
2346,SoldFast
2347,SoldFast
2348,SoldFast
2349,SoldFast
2350,SoldFast
2351,SoldFast
2352,SoldFast
2353,SoldFast
2354,SoldFast
2355,SoldFast
2356,SoldFast
2357,SoldFast
2358,SoldFast
2359,SoldFast
2360,SoldFast
2361,SoldFast
2362,SoldFast
2363,SoldFast
2364,SoldFast
2365,SoldFast
2366,SoldFast
2367,SoldFast
2368,SoldFast
2369,SoldFast
2370,SoldFast
2371,SoldFast
2372,SoldFast
2373,SoldFast
2374,SoldFast
2375,SoldFast
2376,SoldFast
2377,SoldFast
2378,SoldFast
2379,SoldFast
2380,SoldFast
2381,SoldFast
2382,SoldFast
2383,SoldFast
2384,SoldFast
2385,SoldFast
2386,SoldFast
2387,SoldFast
2388,SoldFast
2389,SoldFast
2390,SoldFast
2391,SoldFast
2392,SoldFast
2393,SoldFast
2394,SoldFast
2395,SoldFast
2396,SoldFast
2397,SoldFast
2398,SoldFast
2399,SoldFast
2400,SoldFast
2401,SoldFast
2402,SoldFast
2403,SoldFast
2404,SoldFast
2405,SoldFast
2406,SoldFast
2407,SoldFast
2408,SoldFast
2409,SoldFast
2410,SoldFast
2411,SoldFast
2412,SoldFast
2413,SoldFast
2414,SoldFast
2415,SoldFast
2416,SoldFast
2417,SoldFast
2418,SoldFast
2419,SoldFast
2420,SoldFast
2421,SoldFast
2422,SoldFast
2423,SoldFast
2424,SoldFast
2425,SoldFast
2426,SoldFast
2427,SoldFast
2428,SoldFast
2429,SoldFast
2430,SoldFast
2431,SoldFast
2432,SoldFast
2433,SoldFast
2434,SoldFast
2435,SoldFast
2436,SoldFast
2437,SoldFast
2438,SoldFast
2439,SoldFast
2440,SoldFast
2441,SoldFast
2442,SoldFast
2443,SoldFast
2444,SoldFast
2445,SoldFast
2446,SoldFast
2447,SoldFast
2448,SoldFast
2449,SoldFast
2450,SoldFast
2451,SoldFast
2452,SoldFast
2453,SoldFast
2454,SoldFast
2455,SoldFast
2456,SoldFast
2457,SoldFast
2458,SoldFast
2459,SoldFast
2460,SoldFast
2461,SoldFast
2462,SoldFast
2463,SoldFast
2464,SoldFast
2465,SoldFast
2466,SoldFast
2467,SoldFast
2468,SoldFast
2469,SoldFast
2470,SoldFast
2471,SoldFast
2472,SoldFast
2473,SoldFast
2474,SoldFast
2475,SoldFast
2476,SoldFast
2477,SoldFast
2478,SoldFast
2479,SoldFast
2480,SoldFast
2481,SoldFast
2482,SoldFast
2483,SoldFast
2484,SoldFast
2485,SoldFast
2486,SoldFast
2487,SoldFast
2488,SoldFast
2489,SoldFast
2490,SoldFast
2491,SoldFast
2492,SoldFast
2493,SoldFast
2494,SoldFast
2495,SoldFast
2496,SoldFast
2497,SoldFast
2498,SoldFast
2499,SoldFast
2500,SoldFast
2501,SoldFast
2502,SoldFast
2503,SoldFast
2504,SoldFast
2505,SoldFast
2506,SoldFast
2507,SoldFast
2508,SoldFast
2509,SoldFast
2510,SoldFast
2511,SoldFast
2512,SoldFast
2513,SoldFast
2514,SoldFast
2515,SoldFast
2516,SoldFast
2517,SoldFast
2518,SoldFast
2519,SoldFast
2520,SoldFast
2521,SoldFast
2522,SoldFast
2523,SoldFast
2524,SoldFast
2525,SoldFast
2526,SoldFast
2527,SoldFast
2528,SoldFast
2529,SoldFast
2530,SoldFast
2531,SoldFast
2532,SoldFast
2533,SoldFast
2534,SoldFast
2535,SoldFast
2536,SoldFast
2537,SoldFast
2538,SoldFast
2539,SoldFast
2540,SoldFast
2541,SoldFast
2542,SoldFast
2543,SoldFast
2544,SoldFast
2545,SoldFast
2546,SoldFast
2547,SoldFast
2548,SoldFast
2549,SoldFast
2550,SoldFast
2551,SoldFast
2552,SoldFast
2553,SoldFast
2554,SoldFast
2555,SoldFast
2556,SoldFast
2557,SoldFast
2558,SoldFast
2559,SoldFast
2560,SoldFast
2561,SoldFast
2562,SoldFast
2563,SoldFast
2564,SoldFast
2565,SoldFast
2566,SoldFast
2567,SoldFast
2568,SoldFast
2569,SoldFast
2570,SoldFast
2571,SoldFast
2572,SoldFast
2573,SoldFast
2574,SoldFast
2575,SoldFast
2576,SoldFast
2577,SoldFast
2578,SoldFast
2579,SoldFast
2580,SoldFast
2581,SoldFast
2582,SoldFast
2583,SoldFast
2584,SoldFast
2585,SoldFast
2586,SoldFast
2587,SoldFast
2588,SoldFast
2589,SoldFast
2590,SoldFast
2591,SoldFast
2592,SoldFast
2593,SoldFast
2594,SoldFast
2595,SoldFast
2596,SoldFast
2597,SoldFast
2598,SoldFast
2599,SoldFast
2600,SoldFast
2601,SoldFast
2602,SoldFast
2603,SoldFast
2604,SoldFast
2605,SoldFast
2606,SoldFast
2607,SoldFast
2608,SoldFast
2609,SoldFast
2610,SoldFast
2611,SoldFast
2612,SoldFast
2613,SoldFast
2614,SoldFast
2615,SoldFast
2616,SoldFast
2617,SoldFast
2618,SoldFast
2619,SoldFast
2620,SoldFast
2621,SoldFast
2622,SoldFast
2623,SoldFast
2624,SoldFast
2625,SoldFast
2626,SoldFast
2627,SoldFast
2628,SoldFast
2629,SoldFast
2630,SoldFast
2631,SoldFast
2632,SoldFast
2633,SoldFast
2634,SoldFast
2635,SoldFast
2636,SoldFast
2637,SoldFast
2638,SoldFast
2639,SoldFast
2640,SoldFast
2641,SoldFast
2642,SoldFast
2643,SoldFast
2644,SoldFast
2645,SoldFast
2646,SoldFast
2647,SoldFast
2648,SoldFast
2649,SoldFast
2650,SoldFast
2651,SoldFast
2652,SoldFast
2653,SoldFast
2654,SoldFast
2655,SoldFast
2656,SoldFast
2657,SoldFast
2658,SoldFast
2659,SoldFast
2660,SoldFast
2661,SoldFast
2662,SoldFast
2663,SoldFast
2664,SoldFast
2665,SoldFast
2666,SoldFast
2667,SoldFast
2668,SoldFast
2669,SoldFast
2670,SoldFast
2671,SoldFast
2672,SoldFast
2673,SoldFast
2674,SoldFast
2675,SoldFast
2676,SoldFast
2677,SoldFast
2678,SoldFast
2679,SoldFast
2680,SoldFast
2681,SoldFast
2682,SoldFast
2683,SoldFast
2684,SoldFast
2685,SoldFast
2686,SoldFast
2687,SoldFast
2688,SoldFast
2689,SoldFast
2690,SoldFast
2691,SoldFast
2692,SoldFast
2693,SoldFast
2694,SoldFast
2695,SoldFast
2696,SoldFast
2697,SoldFast
2698,SoldFast
2699,SoldFast
2700,SoldFast
2701,SoldFast
2702,SoldFast
2703,SoldFast
2704,SoldFast
2705,SoldFast
2706,SoldFast
2707,SoldFast
2708,SoldFast
2709,SoldFast
2710,SoldFast
2711,SoldFast
2712,SoldFast
2713,SoldFast
2714,SoldFast
2715,SoldFast
2716,SoldFast
2717,SoldFast
2718,SoldFast
2719,SoldFast
2720,SoldFast
2721,SoldFast
2722,SoldFast
2723,SoldFast
2724,SoldFast
2725,SoldFast
2726,SoldFast
2727,SoldFast
2728,SoldFast
2729,SoldFast
2730,SoldFast
2731,SoldFast
2732,SoldFast
2733,SoldFast
2734,SoldFast
2735,SoldFast
2736,SoldFast
2737,SoldFast
2738,SoldFast
2739,SoldFast
2740,SoldFast
2741,SoldFast
2742,SoldFast
2743,SoldFast
2744,SoldFast
2745,SoldFast
2746,SoldFast
2747,SoldFast
2748,SoldFast
2749,SoldFast
2750,SoldFast
2751,SoldFast
2752,SoldFast
2753,SoldFast
2754,SoldFast
2755,SoldFast
2756,SoldFast
2757,SoldFast
2758,SoldFast
2759,SoldFast
2760,SoldFast
2761,SoldFast
2762,SoldFast
2763,SoldFast
2764,SoldFast
2765,SoldFast
2766,SoldFast
2767,SoldFast
2768,SoldFast
2769,SoldFast
2770,SoldFast
2771,SoldFast
2772,SoldFast
2773,SoldFast
2774,SoldFast
2775,SoldFast
2776,SoldFast
2777,SoldFast
2778,SoldFast
2779,SoldFast
2780,SoldFast
2781,SoldFast
2782,SoldFast
2783,SoldFast
2784,SoldFast
2785,SoldFast
2786,SoldFast
2787,SoldFast
2788,SoldFast
2789,SoldFast
2790,SoldFast
2791,SoldFast
2792,SoldFast
2793,SoldFast
2794,SoldFast
2795,SoldFast
2796,SoldFast
2797,SoldFast
2798,SoldFast
2799,SoldFast
2800,SoldFast
2801,SoldFast
2802,SoldFast
2803,SoldFast
2804,SoldFast
2805,SoldFast
2806,SoldFast
2807,SoldFast
2808,SoldFast
2809,SoldFast
2810,SoldFast
2811,SoldFast
2812,SoldFast
2813,SoldFast
2814,SoldFast
2815,SoldFast
2816,SoldFast
2817,SoldFast
2818,SoldFast
2819,SoldFast
2820,SoldFast
2821,SoldFast
2822,SoldFast
2823,SoldFast
2824,SoldFast
2825,SoldFast
2826,SoldFast
2827,SoldFast
2828,SoldFast
2829,SoldFast
2830,SoldFast
2831,SoldFast
2832,SoldFast
2833,SoldFast
2834,SoldFast
2835,SoldFast
2836,SoldFast
2837,SoldFast
2838,SoldFast
2839,SoldFast
2840,SoldFast
2841,SoldFast
2842,SoldFast
2843,SoldFast
2844,SoldFast
2845,SoldFast
2846,SoldFast
2847,SoldFast
2848,SoldFast
2849,SoldFast
2850,SoldFast
2851,SoldFast
2852,SoldFast
2853,SoldFast
2854,SoldFast
2855,SoldFast
2856,SoldFast
2857,SoldFast
2858,SoldFast
2859,SoldFast
2860,SoldFast
2861,SoldFast
2862,SoldFast
2863,SoldFast
2864,SoldFast
2865,SoldFast
2866,SoldFast
2867,SoldFast
2868,SoldFast
2869,SoldFast
2870,SoldFast
2871,SoldFast
2872,SoldFast
2873,SoldFast
2874,SoldFast
2875,SoldFast
2876,SoldFast
2877,SoldFast
2878,SoldFast
2879,SoldFast
2880,SoldFast
2881,SoldFast
2882,SoldFast
2883,SoldFast
2884,SoldFast
2885,SoldFast
2886,SoldFast
2887,SoldFast
2888,SoldFast
2889,SoldFast
2890,SoldFast
2891,SoldFast
2892,SoldFast
2893,SoldFast
2894,SoldFast
2895,SoldFast
2896,SoldFast
2897,SoldFast
2898,SoldFast
2899,SoldFast
2900,SoldFast
2901,SoldFast
2902,SoldFast
2903,SoldFast
2904,SoldFast
2905,SoldFast
2906,SoldFast
2907,SoldFast
2908,SoldFast
2909,SoldFast
2910,SoldFast
2911,SoldFast
2912,SoldFast
2913,SoldFast
2914,SoldFast
2915,SoldFast
2916,SoldFast
2917,SoldFast
2918,SoldFast
2919,SoldFast
